{
  "AWSTemplateFormatVersion": "2010-09-09",
  "Description": "Moody's VPC template with 11 optional subnets across 2 AZs. DMVPN, Direct Connect, VPN, and peering connection options.",
  "Metadata": {
    "AWS::CloudFormation::Interface": {
      "ParameterGroups": [
        {
          "Label": { "default": "VPC Information" },
          "Parameters": [ "VPCName", "VpcIpBlock" ]
        },
        {
          "Label": { "default": "Connection Type" },
          "Parameters": [ "ConnectionType", "EnableVPCPeering" ]
        },
        {
          "Label": { "default": "VPC Peering Information" },
          "Parameters": [ "SSVPCName", "PeerVPCId", "VPCPeerCIDRRange", "PeerVPCAccountId" ]
        },
        {
          "Label": { "default": "Subnet Information" },
          "Parameters": [
            "SubnetsToCreate",
            "Subnet1Name",
            "Subnet1IP",
            "Subnet1AZ",
            "Subnet2Name",
            "Subnet2IP",
            "Subnet2AZ",
            "Subnet3Name",
            "Subnet3IP",
            "Subnet3AZ",
            "Subnet4Name",
            "Subnet4IP",
            "Subnet4AZ",
            "Subnet5Name",
            "Subnet5IP",
            "Subnet5AZ",
            "Subnet6Name",
            "Subnet6IP",
            "Subnet6AZ",
            "Subnet7Name",
            "Subnet7IP",
            "Subnet7AZ",
            "Subnet8Name",
            "Subnet8IP",
            "Subnet8AZ",
            "Subnet9Name",
            "Subnet9IP",
            "Subnet9AZ",
            "Subnet10Name",
            "Subnet10IP",
            "Subnet10AZ",
            "Subnet11Name",
            "Subnet11IP",
            "Subnet11AZ"
          ]
        },
        {
          "Label": { "default": "DHCP Options Set Information" },
          "Parameters": [ "DomainNameForDHCP", "DomainNameServersForDHCP" ]
        },
        {
          "Label": { "default": "Resource Tags" },
          "Parameters": [ "NetworkName", "Environment", "LOB", "Project", "ProvisionedGroup" ]
        },
        {
          "Label": { "default": "VPN Information (Only applicable when VPN connection type selected) " },
          "Parameters": [ "VPNBGPAsn", "VPNAddress" ]
        }
      ]
    }
  },
  "Parameters": {
    "VPCName": {
      "Description": "Name of the VPC to be created. Ex: OAA",
      "Type": "String",
      "MinLength": "1"
    },
    "VpcIpBlock": {
      "Description": "Cidr for the entire VPC",
      "Type": "String",
      "Default": "10.0.0.0/19"
    },
    "SubnetsToCreate": {
      "Description": "Specify the number of subnets to create",
      "Type": "String",
      "Default": "2",
      "AllowedValues": ["2", "3", "4", "5", "6", "7", "8", "9", "10", "11" ]
    },
    "Subnet1Name": {
      "Description": "Name of Subnet 1",
      "Type": "String"
    },
    "Subnet2Name": {
      "Description": "Name of Subnet 2",
      "Type": "String"
    },
    "Subnet3Name": {
      "Description": "Name of Subnet 3",
      "Type": "String"
    },
    "Subnet4Name": {
      "Description": "Name of Subnet 4",
      "Type": "String"
    },
    "Subnet5Name": {
      "Description": "Name of Subnet 5",
      "Type": "String"
    },
    "Subnet6Name": {
      "Description": "Name of Subnet 6",
      "Type": "String"
    },
    "Subnet7Name": {
      "Description": "Name of Subnet 7",
      "Type": "String"
    },
    "Subnet8Name": {
      "Description": "Name of Subnet 8",
      "Type": "String"
    },
    "Subnet9Name": {
      "Description": "Name of Subnet 9",
      "Type": "String"
    },
    "Subnet10Name": {
      "Description": "Name of Subnet 10",
      "Type": "String"
    },
    "Subnet11Name": {
      "Description": "Name of Subnet 11",
      "Type": "String"
    },
    "Subnet1IP": {
      "Description": "CIDR for Subnet1",
      "Type": "String",
      "Default": "10.0.0.0/23",
      "AllowedPattern": "[0-9]{1,3}.[0-9]{1,3}.[0-9]{1,3}.[0-9]{1,3}/[0-9]{1,2}"
    },
    "Subnet2IP": {
      "Description": "CIDR for Subnet2",
      "Type": "String",
      "Default": "10.0.0.0/23",
      "AllowedPattern": "[0-9]{1,3}.[0-9]{1,3}.[0-9]{1,3}.[0-9]{1,3}/[0-9]{1,2}"
    },
    "Subnet3IP": {
      "Description": "CIDR for Subnet3",
      "Type": "String",
      "Default": "10.0.0.0/23",
      "AllowedPattern": "[0-9]{1,3}.[0-9]{1,3}.[0-9]{1,3}.[0-9]{1,3}/[0-9]{1,2}"
    },
    "Subnet4IP": {
      "Description": "CIDR for Subnet4",
      "Type": "String",
      "Default": "10.0.0.0/23",
      "AllowedPattern": "[0-9]{1,3}.[0-9]{1,3}.[0-9]{1,3}.[0-9]{1,3}/[0-9]{1,2}"
    },
    "Subnet5IP": {
      "Description": "CIDR for Subnet5",
      "Type": "String",
      "Default": "10.0.0.0/23",
      "AllowedPattern": "[0-9]{1,3}.[0-9]{1,3}.[0-9]{1,3}.[0-9]{1,3}/[0-9]{1,2}"
    },
    "Subnet6IP": {
      "Description": "CIDR for Subnet6",
      "Type": "String",
      "Default": "10.0.0.0/23",
      "AllowedPattern": "[0-9]{1,3}.[0-9]{1,3}.[0-9]{1,3}.[0-9]{1,3}/[0-9]{1,2}"
    },
    "Subnet7IP": {
      "Description": "CIDR for Subnet7",
      "Type": "String",
      "Default": "10.0.0.0/23",
      "AllowedPattern": "[0-9]{1,3}.[0-9]{1,3}.[0-9]{1,3}.[0-9]{1,3}/[0-9]{1,2}"
    },
    "Subnet8IP": {
      "Description": "CIDR for Subnet8",
      "Type": "String",
      "Default": "10.0.0.0/23",
      "AllowedPattern": "[0-9]{1,3}.[0-9]{1,3}.[0-9]{1,3}.[0-9]{1,3}/[0-9]{1,2}"
    },
    "Subnet9IP": {
      "Description": "CIDR for Subnet9",
      "Type": "String",
      "Default": "10.0.0.0/23",
      "AllowedPattern": "[0-9]{1,3}.[0-9]{1,3}.[0-9]{1,3}.[0-9]{1,3}/[0-9]{1,2}"
    },
    "Subnet10IP": {
      "Description": "CIDR for Subnet10",
      "Type": "String",
      "Default": "10.0.0.0/23",
      "AllowedPattern": "[0-9]{1,3}.[0-9]{1,3}.[0-9]{1,3}.[0-9]{1,3}/[0-9]{1,2}"
    },
    "Subnet11IP": {
      "Description": "CIDR for Subnet11",
      "Type": "String",
      "Default": "10.0.0.0/23",
      "AllowedPattern": "[0-9]{1,3}.[0-9]{1,3}.[0-9]{1,3}.[0-9]{1,3}/[0-9]{1,2}"
    },
    "Subnet1AZ": {
      "Description": "Availability Zone for Subnet1 (enter one one out of us-west-2a or us-west-2b or us-west-2c)",
      "Type": "String",
      "Default": "us-west-2a"
    },
    "Subnet2AZ": {
      "Description": "Availability Zone for Subnet2 (enter one one out of us-west-2a or us-west-2b or us-west-2c)",
      "Type": "String",
      "Default": "us-west-2b"
    },
    "Subnet3AZ": {
      "Description": "Availability Zone for Subnet3 (enter one one out of us-west-2a or us-west-2b or us-west-2c)",
      "Type": "String",
      "Default": "us-west-2a"
    },
    "Subnet4AZ": {
      "Description": "Availability Zone for Subnet4 (enter one one out of us-west-2a or us-west-2b or us-west-2c)",
      "Type": "String",
      "Default": "us-west-2b"
    },
    "Subnet5AZ": {
      "Description": "Availability Zone for Subnet5 (enter one one out of us-west-2a or us-west-2b or us-west-2c)",
      "Type": "String",
      "Default": "us-west-2a"
    },
    "Subnet6AZ": {
      "Description": "Availability Zone for Subnet6 (enter one one out of us-west-2a or us-west-2b or us-west-2c)",
      "Type": "String",
      "Default": "us-west-2b"
    },
    "Subnet7AZ": {
      "Description": "Availability Zone for Subnet7 (enter one one out of us-west-2a or us-west-2b or us-west-2c)",
      "Type": "String",
      "Default": "us-west-2a"
    },
    "Subnet8AZ": {
      "Description": "Availability Zone for Subnet8 (enter one one out of us-west-2a or us-west-2b or us-west-2c)",
      "Type": "String",
      "Default": "us-west-2b"
    },
    "Subnet9AZ": {
      "Description": "Availability Zone for Subnet9 (enter one one out of us-west-2a or us-west-2b or us-west-2c)",
      "Type": "String",
      "Default": "us-west-2a"
    },
    "Subnet10AZ": {
      "Description": "Availability Zone for Subnet10 (enter one one out of us-west-2a or us-west-2b or us-west-2c)",
      "Type": "String",
      "Default": "us-west-2b"
    },
    "Subnet11AZ": {
      "Description": "Availability Zone for Subnet11 (enter one one out of us-west-2a or us-west-2b or us-west-2c)",
      "Type": "String",
      "Default": "us-west-2a"
    },
    "LOB": {
      "Description": "LOB tag for network components. Example: CON",
      "Type": "String",
      "MinLength": "2"
    },
    "Project": {
      "Description": "Project tag for network components",
      "Type": "String"
    },
    "Environment": {
      "Description": "Environment tag for network components",
      "Type": "String"
    },
    "ProvisionedGroup": {
      "Description": "Provisioned Group tag for network components",
      "Type": "String"
    },
    "DomainNameForDHCP": {
      "Description": "Name of the DHCP Option Set to be created. You can assign your own domain name to your instances. To do that, you must specify a special set of DHCP options to use with the VPC.",
      "Type": "String",
      "Default": "analytics.moodys.net, ad.moodys.net, moodys.com, moodys.net, nslb.ad.moodys.net, mdynycmdcqa.com"
    },
    "DomainNameServersForDHCP": {
      "Description": "The IP (IPv4) address of a domain name server that will be associated with the DHCP Option Set. You can specify up to four addresses, Comma seperated.",
      "Type": "String",
      "Default": "10.32.0.129"
    },
    "ConnectionType": {
      "Description": "Select the connection type this VPC will use to connect to the Moody's Network",
      "Type": "String",
      "Default": "Direct Connect",
      "AllowedValues": [ "DMVPN", "Direct Connect", "VPN", "NONE" ]
    },
    "EnableVPCPeering": {
      "Description": "Select 'yes' if you are peering with another VPC",
      "Type": "String",
      "Default": "Yes",
      "AllowedValues": [ "Yes", "No"]
    },
    "VPNBGPAsn": {
      "Description": " BGP ASN number.",
      "Type": "Number",
      "Default": "65000"
    },
    "PeerVPCId": {
      "Description": " VPC ID of VPC to peer with",
      "Type": "String",
      "Default": "vpc-e4159c83"
    },
    "SSVPCName": {
      "Description": " Site code for shared services VPC to peer with",
      "Type": "String",
      "Default": "OAA"
    },
    "VPCPeerCIDRRange": {
      "Description": " VPC ID of VPC to peer with",
      "Type": "String",
      "Default": "10.32.0.0/19",
      "AllowedPattern": "(\\d{1,3})\\.(\\d{1,3})\\.(\\d{1,3})\\.(\\d{1,3})/(\\d{1,2})"
    },
    "PeerVPCAccountId": {
      "Description": " AWS Account number that the VPC you want to peer with lives in",
      "Type": "Number",
      "Default": "707073267124"
    },
    "VPNAddress": {
      "Description": "IP address of other side which will be used for the VPN connection",
      "Type": "String",
      "Default": "68.57.82.1"
    }
  },
  "Conditions": {
    "CreateVPNResources": {
      "Fn::Equals": [
        { "Ref": "ConnectionType" },
        "VPN"
      ]
    },
    "CreateDirectConnectResources": {
      "Fn::Equals": [
        { "Ref": "ConnectionType" },
        "Direct Connect"
      ]
    },
    "CreateDMVPNResources": {
      "Fn::Equals": [
        { "Ref": "ConnectionType" },
        "DMVPN"
      ]
    },
    "CreateVPCPeeringResources": {
      "Fn::Equals": [
        { "Ref": "EnableVPCPeering" },
        "Yes"
      ]
    },
    "Create2Subnets": {
      "Fn::Or": [
        {
          "Fn::Equals": [
            { "Ref": "SubnetsToCreate" },
            "2"
          ]
        },
        {
          "Fn::Equals": [
            { "Ref": "SubnetsToCreate" },
            "3"
          ]
        },
        {
          "Fn::Equals": [
            { "Ref": "SubnetsToCreate" },
            "4"
          ]
        },
        {
          "Fn::Equals": [
            { "Ref": "SubnetsToCreate" },
            "5"
          ]
        },
        {
          "Fn::Equals": [
            { "Ref": "SubnetsToCreate" },
            "6"
          ]
        },
        {
          "Fn::Equals": [
            { "Ref": "SubnetsToCreate" },
            "7"
          ]
        },
        {
          "Fn::Equals": [
            { "Ref": "SubnetsToCreate" },
            "8"
          ]
        },
        {
          "Fn::Equals": [
            { "Ref": "SubnetsToCreate" },
            "9"
          ]
        },
        {
          "Fn::Equals": [
            { "Ref": "SubnetsToCreate" },
            "10"
          ]
        },
        {
          "Fn::Equals": [
            { "Ref": "SubnetsToCreate" },
            "11"
          ]
        }
      ]
    },
    "Create3Subnets": {
      "Fn::Or": [
        {
          "Fn::Equals": [
            { "Ref": "SubnetsToCreate" },
            "3"
          ]
        },
        {
          "Fn::Equals": [
            { "Ref": "SubnetsToCreate" },
            "4"
          ]
        },
        {
          "Fn::Equals": [
            { "Ref": "SubnetsToCreate" },
            "5"
          ]
        },
        {
          "Fn::Equals": [
            { "Ref": "SubnetsToCreate" },
            "6"
          ]
        },
        {
          "Fn::Equals": [
            { "Ref": "SubnetsToCreate" },
            "7"
          ]
        },
        {
          "Fn::Equals": [
            { "Ref": "SubnetsToCreate" },
            "8"
          ]
        },
        {
          "Fn::Equals": [
            { "Ref": "SubnetsToCreate" },
            "9"
          ]
        },
        {
          "Fn::Equals": [
            { "Ref": "SubnetsToCreate" },
            "10"
          ]
        },
        {
          "Fn::Equals": [
            { "Ref": "SubnetsToCreate" },
            "11"
          ]
        }
      ]
    },
    "Create4Subnets": {
      "Fn::Or": [
        {
          "Fn::Equals": [
            { "Ref": "SubnetsToCreate" },
            "4"
          ]
        },
        {
          "Fn::Equals": [
            { "Ref": "SubnetsToCreate" },
            "5"
          ]
        },
        {
          "Fn::Equals": [
            { "Ref": "SubnetsToCreate" },
            "6"
          ]
        },
        {
          "Fn::Equals": [
            { "Ref": "SubnetsToCreate" },
            "7"
          ]
        },
        {
          "Fn::Equals": [
            { "Ref": "SubnetsToCreate" },
            "8"
          ]
        },
        {
          "Fn::Equals": [
            { "Ref": "SubnetsToCreate" },
            "9"
          ]
        },
        {
          "Fn::Equals": [
            { "Ref": "SubnetsToCreate" },
            "10"
          ]
        },
        {
          "Fn::Equals": [
            { "Ref": "SubnetsToCreate" },
            "11"
          ]
        }
      ]
    },
    "Create5Subnets": {
      "Fn::Or": [
        {
          "Fn::Equals": [
            { "Ref": "SubnetsToCreate" },
            "5"
          ]
        },
        {
          "Fn::Equals": [
            { "Ref": "SubnetsToCreate" },
            "6"
          ]
        },
        {
          "Fn::Equals": [
            { "Ref": "SubnetsToCreate" },
            "7"
          ]
        },
        {
          "Fn::Equals": [
            { "Ref": "SubnetsToCreate" },
            "8"
          ]
        },
        {
          "Fn::Equals": [
            { "Ref": "SubnetsToCreate" },
            "9"
          ]
        },
        {
          "Fn::Equals": [
            { "Ref": "SubnetsToCreate" },
            "10"
          ]
        },
        {
          "Fn::Equals": [
            { "Ref": "SubnetsToCreate" },
            "11"
          ]
        }
      ]
    },
    "Create6Subnets": {
      "Fn::Or": [
        {
          "Fn::Equals": [
            { "Ref": "SubnetsToCreate" },
            "6"
          ]
        },
        {
          "Fn::Equals": [
            { "Ref": "SubnetsToCreate" },
            "7"
          ]
        },
        {
          "Fn::Equals": [
            { "Ref": "SubnetsToCreate" },
            "8"
          ]
        },
        {
          "Fn::Equals": [
            { "Ref": "SubnetsToCreate" },
            "9"
          ]
        },
        {
          "Fn::Equals": [
            { "Ref": "SubnetsToCreate" },
            "10"
          ]
        },
        {
          "Fn::Equals": [
            { "Ref": "SubnetsToCreate" },
            "11"
          ]
        }
      ]
    },
    "Create7Subnets": {
      "Fn::Or": [
        {
          "Fn::Equals": [
            { "Ref": "SubnetsToCreate" },
            "7"
          ]
        },
        {
          "Fn::Equals": [
            { "Ref": "SubnetsToCreate" },
            "8"
          ]
        },
        {
          "Fn::Equals": [
            { "Ref": "SubnetsToCreate" },
            "9"
          ]
        },
        {
          "Fn::Equals": [
            { "Ref": "SubnetsToCreate" },
            "10"
          ]
        },
        {
          "Fn::Equals": [
            { "Ref": "SubnetsToCreate" },
            "11"
          ]
        }
      ]
    },
    "Create8Subnets": {
      "Fn::Or": [
        {
          "Fn::Equals": [
            { "Ref": "SubnetsToCreate" },
            "8"
          ]
        },
        {
          "Fn::Equals": [
            { "Ref": "SubnetsToCreate" },
            "9"
          ]
        },
        {
          "Fn::Equals": [
            { "Ref": "SubnetsToCreate" },
            "10"
          ]
        },
        {
          "Fn::Equals": [
            { "Ref": "SubnetsToCreate" },
            "11"
          ]
        }
      ]
    },
    "Create9Subnets": {
      "Fn::Or": [
        {
          "Fn::Equals": [
            { "Ref": "SubnetsToCreate" },
            "9"
          ]
        },
        {
          "Fn::Equals": [
            { "Ref": "SubnetsToCreate" },
            "10"
          ]
        },
        {
          "Fn::Equals": [
            { "Ref": "SubnetsToCreate" },
            "11"
          ]
        },
        {
          "Fn::Equals": [
            { "Ref": "SubnetsToCreate" },
            "12"
          ]
        }
      ]
    },
    "Create10Subnets": {
      "Fn::Or": [
        {
          "Fn::Equals": [
            { "Ref": "SubnetsToCreate" },
            "10"
          ]
        },
        {
          "Fn::Equals": [
            { "Ref": "SubnetsToCreate" },
            "11"
          ]
        }
      ]
    },
    "Create11Subnets": {
      "Fn::Equals": [
        { "Ref": "SubnetsToCreate" },
        "11"
      ]
    }
  },
  "Resources": {
    "myVPC": {
      "Type": "AWS::EC2::VPC",
      "Properties": {
        "CidrBlock": {
          "Ref": "VpcIpBlock"
        },
        "Tags": [
          {
            "Key": "Name",
            "Value": { "Ref": "VPCName" }
          },
          {
            "Key": "LOB",
            "Value": { "Ref": "LOB" }
          },
          {
            "Key": "Environment",
            "Value": { "Ref": "Environment" }
          },
          {
            "Key": "Project",
            "Value": { "Ref": "Project" }
          },
          {
            "Key": "Provisioned Group",
            "Value": { "Ref": "ProvisionedGroup" }
          }
        ]
      }
    },
    "DHCPOptionSet": {
      "Type": "AWS::EC2::DHCPOptions",
      "Properties": {
        "DomainName": {
          "Ref": "DomainNameForDHCP"
        },
        "DomainNameServers": [
          {
            "Ref": "DomainNameServersForDHCP"
          }
        ],
        "Tags": [
          {
            "Key": "Name",
            "Value": {
              "Fn::Join": [
                "",
                [
                  { "Ref": "VPCName" },
                  "-DHCP-SET-",
                  "001"
                ]
              ]
            }
          },
          {
            "Key": "LOB",
            "Value": { "Ref": "LOB" }
          },
          {
            "Key": "Environment",
            "Value": { "Ref": "Environment" }
          },
          {
            "Key": "Provisioned Group",
            "Value": { "Ref": "ProvisionedGroup" }
          }
        ]
      }
    },
    "VPCDHCPAssociation": {
      "Type": "AWS::EC2::VPCDHCPOptionsAssociation",
      "Properties": {
        "DhcpOptionsId": { "Ref": "DHCPOptionSet" },
        "VpcId": { "Ref": "myVPC" }
      }
    },
    "InternetGateway": {
      "Type": "AWS::EC2::InternetGateway",
      "Properties": {
        "Tags": [
          {
            "Key": "Name",
            "Value": {
              "Fn::Join": [
                "",
                [
                  { "Ref": "VPCName" },
                  "_VPC_IGW"
                ]
              ]
            }
          },
          {
            "Key": "LOB",
            "Value": { "Ref": "LOB" }
          },
          {
            "Key": "Environment",
            "Value": { "Ref": "Environment" }
          },
          {
            "Key": "Provisioned Group",
            "Value": { "Ref": "ProvisionedGroup" }
          }
        ]
      }
    },
    "AttachVPCInternetGateway": {
      "Type": "AWS::EC2::VPCGatewayAttachment",
      "Properties": {
        "VpcId": { "Ref": "myVPC" },
        "InternetGatewayId": { "Ref": "InternetGateway" }
      }
    },
    "VPCSecurityGroup": {
      "Type": "AWS::EC2::SecurityGroup",
      "Properties": {
        "GroupDescription": "Allow any/any to client host",
        "VpcId": { "Ref": "myVPC" },
        "SecurityGroupIngress": [
          {
            "IpProtocol": "-1",
            "CidrIp": "0.0.0.0/0",
            "FromPort": "-1",
            "ToPort": "-1"
          }
        ],
        "Tags": [
          {
            "Key": "Name",
            "Value": {
              "Fn::Join": [
                "",
                [
                  { "Ref": "VPCName" },
                  "_ANYANY_SG"
                ]
              ]
            }
          },
          {
            "Key": "LOB",
            "Value": { "Ref": "LOB" }
          },
          {
            "Key": "Environment",
            "Value": { "Ref": "Environment" }
          },
          {
            "Key": "Provisioned Group",
            "Value": { "Ref": "ProvisionedGroup" }
          }
        ]
      }
    },
    "DMVPNSecurityGroup": {
      "Type": "AWS::EC2::SecurityGroup",
      "Condition": "CreateDMVPNResources",
      "Properties": {
        "GroupDescription": "Security Group for Public interface of DMVPN Router",
        "VpcId": { "Ref": "myVPC" },
        "SecurityGroupIngress": [
          {
            "IpProtocol": "tcp",
            "FromPort": "22",
            "ToPort": "22",
            "CidrIp": "0.0.0.0/0"
          },
          {
            "IpProtocol": "tcp",
            "FromPort": "80",
            "ToPort": "80",
            "CidrIp": "0.0.0.0/0"
          },
          {
            "IpProtocol": "tcp",
            "FromPort": "443",
            "ToPort": "443",
            "CidrIp": "0.0.0.0/0"
          },
          {
            "IpProtocol": "udp",
            "FromPort": "67",
            "ToPort": "67",
            "CidrIp": "0.0.0.0/0"
          },
          {
            "IpProtocol": "udp",
            "FromPort": "123",
            "ToPort": "123",
            "CidrIp": "0.0.0.0/0"
          },
          {
            "IpProtocol": "udp",
            "FromPort": "161",
            "ToPort": "161",
            "CidrIp": "0.0.0.0/0"
          },
          {
            "IpProtocol": "udp",
            "FromPort": "500",
            "ToPort": "500",
            "CidrIp": "0.0.0.0/0"
          },
          {
            "IpProtocol": "udp",
            "FromPort": "4500",
            "ToPort": "4500",
            "CidrIp": "0.0.0.0/0"
          },
          {
            "IpProtocol": "icmp",
            "FromPort": "8",
            "ToPort": "0",
            "CidrIp": "0.0.0.0/0"
          }
        ],
        "Tags": [
          {
            "Key": "Name",
            "Value": {
              "Fn::Join": [
                "",
                [
                  { "Ref": "VPCName" },
                  "_DMVPN_SG"
                ]
              ]
            }
          },
          {
            "Key": "LOB",
            "Value": { "Ref": "LOB" }
          },
          {
            "Key": "Environment",
            "Value": { "Ref": "Environment" }
          },
          {
            "Key": "Provisioned Group",
            "Value": { "Ref": "ProvisionedGroup" }
          }
        ]
      }
    },
    "VPCRouteTableInternet": {
      "Type": "AWS::EC2::RouteTable",
      "Properties": {
        "VpcId": { "Ref": "myVPC" },
        "Tags": [
          {
            "Key": "Name",
            "Value": {
              "Fn::Join": [
                "",
                [
                  { "Ref": "VPCName" },
                  "_INTERNET_RT"
                ]
              ]
            }
          },
          {
            "Key": "LOB",
            "Value": { "Ref": "LOB" }
          },
          {
            "Key": "Environment",
            "Value": { "Ref": "Environment" }
          },
          {
            "Key": "Provisioned Group",
            "Value": { "Ref": "ProvisionedGroup" }
          }
        ]
      }
    },
    "VPCRouteTableDefault": {
      "Type": "AWS::EC2::RouteTable",
      "Properties": {
        "VpcId": { "Ref": "myVPC" },
        "Tags": [
          {
            "Key": "Name",
            "Value": {
              "Fn::Join": [
                "",
                [
                  { "Ref": "VPCName" },
                  "_MAIN_DEFAULT_RT"
                ]
              ]
            }
          },
          {
            "Key": "LOB",
            "Value": { "Ref": "LOB" }
          },
          {
            "Key": "Environment",
            "Value": { "Ref": "Environment" }
          },
          {
            "Key": "Provisioned Group",
            "Value": { "Ref": "ProvisionedGroup" }
          }
        ]
      }
    },
    "DefaultRouteInternet": {
      "Type": "AWS::EC2::Route",
      "Properties": {
        "RouteTableId": { "Ref": "VPCRouteTableInternet" },
        "DestinationCidrBlock": "0.0.0.0/0",
        "GatewayId": { "Ref": "InternetGateway" }
      }
    },
    "Subnet1": {
      "Type": "AWS::EC2::Subnet",
      "Properties": {
        "VpcId": { "Ref": "myVPC" },
        "CidrBlock": { "Ref": "Subnet1IP" },
        "AvailabilityZone": { "Ref": "Subnet1AZ" },
        "Tags": [
          {
            "Key": "Name",
            "Value": { "Ref": "Subnet1Name" }
          },
          {
            "Key": "LOB",
            "Value": { "Ref": "LOB" }
          },
          {
            "Key": "Environment",
            "Value": { "Ref": "Environment" }
          },
          {
            "Key": "Provisioned Group",
            "Value": { "Ref": "ProvisionedGroup" }
          }
        ]
      }
    },
    "Subnet2": {
      "Type": "AWS::EC2::Subnet",
      "Condition": "Create2Subnets",
      "Properties": {
        "VpcId": { "Ref": "myVPC" },
        "CidrBlock": { "Ref": "Subnet2IP" },
        "AvailabilityZone": { "Ref": "Subnet2AZ" },
        "Tags": [
          {
            "Key": "Name",
            "Value": { "Ref": "Subnet2Name" }
          },
          {
            "Key": "LOB",
            "Value": { "Ref": "LOB" }
          },
          {
            "Key": "Environment",
            "Value": { "Ref": "Environment" }
          },
          {
            "Key": "Provisioned Group",
            "Value": { "Ref": "ProvisionedGroup" }
          }
        ]
      }
    },
    "Subnet3": {
      "Type": "AWS::EC2::Subnet",
      "Condition": "Create3Subnets",
      "Properties": {
        "VpcId": { "Ref": "myVPC" },
        "CidrBlock": { "Ref": "Subnet3IP" },
        "AvailabilityZone": { "Ref": "Subnet3AZ" },
        "Tags": [
          {
            "Key": "Name",
            "Value": { "Ref": "Subnet3Name" }
          },
          {
            "Key": "LOB",
            "Value": { "Ref": "LOB" }
          },
          {
            "Key": "Environment",
            "Value": { "Ref": "Environment" }
          },
          {
            "Key": "Provisioned Group",
            "Value": { "Ref": "ProvisionedGroup" }
          }
        ]
      }
    },
    "Subnet4": {
      "Type": "AWS::EC2::Subnet",
      "Condition": "Create4Subnets",
      "Properties": {
        "VpcId": { "Ref": "myVPC" },
        "CidrBlock": { "Ref": "Subnet4IP" },
        "AvailabilityZone": { "Ref": "Subnet4AZ" },
        "Tags": [
          {
            "Key": "Name",
            "Value": { "Ref": "Subnet4Name" }
          },
          {
            "Key": "LOB",
            "Value": { "Ref": "LOB" }
          },
          {
            "Key": "Environment",
            "Value": { "Ref": "Environment" }
          },
          {
            "Key": "Provisioned Group",
            "Value": { "Ref": "ProvisionedGroup" }
          }
        ]
      }
    },
    "Subnet5": {
      "Type": "AWS::EC2::Subnet",
      "Condition": "Create5Subnets",
      "Properties": {
        "VpcId": { "Ref": "myVPC" },
        "CidrBlock": { "Ref": "Subnet5IP" },
        "AvailabilityZone": { "Ref": "Subnet5AZ" },
        "Tags": [
          {
            "Key": "Name",
            "Value": { "Ref": "Subnet5Name" }
          },
          {
            "Key": "LOB",
            "Value": { "Ref": "LOB" }
          },
          {
            "Key": "Environment",
            "Value": { "Ref": "Environment" }
          },
          {
            "Key": "Provisioned Group",
            "Value": { "Ref": "ProvisionedGroup" }
          }
        ]
      }
    },
    "Subnet6": {
      "Type": "AWS::EC2::Subnet",
      "Condition": "Create6Subnets",
      "Properties": {
        "VpcId": { "Ref": "myVPC" },
        "CidrBlock": { "Ref": "Subnet6IP" },
        "AvailabilityZone": { "Ref": "Subnet6AZ" },
        "Tags": [
          {
            "Key": "Name",
            "Value": { "Ref": "Subnet6Name" }
          },
          {
            "Key": "LOB",
            "Value": { "Ref": "LOB" }
          },
          {
            "Key": "Environment",
            "Value": { "Ref": "Environment" }
          },
          {
            "Key": "Provisioned Group",
            "Value": { "Ref": "ProvisionedGroup" }
          }
        ]
      }
    },
    "Subnet7": {
      "Type": "AWS::EC2::Subnet",
      "Condition": "Create7Subnets",
      "Properties": {
        "VpcId": { "Ref": "myVPC" },
        "CidrBlock": { "Ref": "Subnet7IP" },
        "AvailabilityZone": { "Ref": "Subnet7AZ" },
        "Tags": [
          {
            "Key": "Name",
            "Value": { "Ref": "Subnet7Name" }
          },
          {
            "Key": "LOB",
            "Value": { "Ref": "LOB" }
          },
          {
            "Key": "Environment",
            "Value": { "Ref": "Environment" }
          },
          {
            "Key": "Provisioned Group",
            "Value": { "Ref": "ProvisionedGroup" }
          }
        ]
      }
    },
    "Subnet8": {
      "Type": "AWS::EC2::Subnet",
      "Condition": "Create8Subnets",
      "Properties": {
        "VpcId": { "Ref": "myVPC" },
        "CidrBlock": { "Ref": "Subnet8IP" },
        "AvailabilityZone": { "Ref": "Subnet8AZ" },
        "Tags": [
          {
            "Key": "Name",
            "Value": { "Ref": "Subnet8Name" }
          },
          {
            "Key": "LOB",
            "Value": { "Ref": "LOB" }
          },
          {
            "Key": "Environment",
            "Value": { "Ref": "Environment" }
          },
          {
            "Key": "Provisioned Group",
            "Value": { "Ref": "ProvisionedGroup" }
          }
        ]
      }
    },
    "Subnet9": {
      "Type": "AWS::EC2::Subnet",
      "Condition": "Create9Subnets",
      "Properties": {
        "VpcId": { "Ref": "myVPC" },
        "CidrBlock": { "Ref": "Subnet9IP" },
        "AvailabilityZone": { "Ref": "Subnet9AZ" },
        "Tags": [
          {
            "Key": "Name",
            "Value": { "Ref": "Subnet9Name" }
          },
          {
            "Key": "LOB",
            "Value": { "Ref": "LOB" }
          },
          {
            "Key": "Environment",
            "Value": { "Ref": "Environment" }
          },
          {
            "Key": "Provisioned Group",
            "Value": { "Ref": "ProvisionedGroup" }
          }
        ]
      }
    },
    "Subnet10": {
      "Type": "AWS::EC2::Subnet",
      "Condition": "Create10Subnets",
      "Properties": {
        "VpcId": { "Ref": "myVPC" },
        "CidrBlock": { "Ref": "Subnet10IP" },
        "AvailabilityZone": { "Ref": "Subnet10AZ" },
        "Tags": [
          {
            "Key": "Name",
            "Value": { "Ref": "Subnet10Name" }
          },
          {
            "Key": "LOB",
            "Value": { "Ref": "LOB" }
          },
          {
            "Key": "Environment",
            "Value": { "Ref": "Environment" }
          },
          {
            "Key": "Provisioned Group",
            "Value": { "Ref": "ProvisionedGroup" }
          }
        ]
      }
    },
    "Subnet11": {
      "Type": "AWS::EC2::Subnet",
      "Condition": "Create11Subnets",
      "Properties": {
        "VpcId": { "Ref": "myVPC" },
        "CidrBlock": { "Ref": "Subnet11IP" },
        "AvailabilityZone": { "Ref": "Subnet11AZ" },
        "Tags": [
          {
            "Key": "Name",
            "Value": { "Ref": "Subnet11Name" }
          },
          {
            "Key": "LOB",
            "Value": { "Ref": "LOB" }
          },
          {
            "Key": "Environment",
            "Value": { "Ref": "Environment" }
          },
          {
            "Key": "Provisioned Group",
            "Value": { "Ref": "ProvisionedGroup" }
          }
        ]
      }
    },
    "Subnet1RouteTableAssociation": {
      "Type": "AWS::EC2::SubnetRouteTableAssociation",
      "Properties": {
        "SubnetId": {
          "Ref": "Subnet1"
        },
        "RouteTableId": {
          "Ref": "VPCRouteTableDefault"
        }
      }
    },
    "Subnet2RouteTableAssociation": {
      "Type": "AWS::EC2::SubnetRouteTableAssociation",
      "Condition": "Create2Subnets",
      "Properties": {
        "SubnetId": {
          "Ref": "Subnet2"
        },
        "RouteTableId": {
          "Ref": "VPCRouteTableDefault"
        }
      }
    },
    "Subnet3RouteTableAssociation": {
      "Type": "AWS::EC2::SubnetRouteTableAssociation",
      "Condition": "Create3Subnets",
      "Properties": {
        "SubnetId": {
          "Ref": "Subnet3"
        },
        "RouteTableId": {
          "Ref": "VPCRouteTableDefault"
        }
      }
    },
    "Subnet4RouteTableAssociation": {
      "Type": "AWS::EC2::SubnetRouteTableAssociation",
      "Condition": "Create4Subnets",
      "Properties": {
        "SubnetId": {
          "Ref": "Subnet4"
        },
        "RouteTableId": {
          "Ref": "VPCRouteTableDefault"
        }
      }
    },
    "Subnet5RouteTableAssociation": {
      "Type": "AWS::EC2::SubnetRouteTableAssociation",
      "Condition": "Create5Subnets",
      "Properties": {
        "SubnetId": {
          "Ref": "Subnet5"
        },
        "RouteTableId": {
          "Ref": "VPCRouteTableDefault"
        }
      }
    },
    "Subnet6RouteTableAssociation": {
      "Type": "AWS::EC2::SubnetRouteTableAssociation",
      "Condition": "Create6Subnets",
      "Properties": {
        "SubnetId": {
          "Ref": "Subnet6"
        },
        "RouteTableId": {
          "Ref": "VPCRouteTableDefault"
        }
      }
    },
    "Subnet7RouteTableAssociation": {
      "Type": "AWS::EC2::SubnetRouteTableAssociation",
      "Condition": "Create7Subnets",
      "Properties": {
        "SubnetId": {
          "Ref": "Subnet7"
        },
        "RouteTableId": {
          "Ref": "VPCRouteTableDefault"
        }
      }
    },
    "Subnet8RouteTableAssociation": {
      "Type": "AWS::EC2::SubnetRouteTableAssociation",
      "Condition": "Create8Subnets",
      "Properties": {
        "SubnetId": {
          "Ref": "Subnet8"
        },
        "RouteTableId": {
          "Ref": "VPCRouteTableDefault"
        }
      }
    },
    "Subnet9RouteTableAssociation": {
      "Type": "AWS::EC2::SubnetRouteTableAssociation",
      "Condition": "Create9Subnets",
      "Properties": {
        "SubnetId": {
          "Ref": "Subnet9"
        },
        "RouteTableId": {
          "Ref": "VPCRouteTableDefault"
        }
      }
    },
    "Subnet10RouteTableAssociation": {
      "Type": "AWS::EC2::SubnetRouteTableAssociation",
      "Condition": "Create10Subnets",
      "Properties": {
        "SubnetId": {
          "Ref": "Subnet10"
        },
        "RouteTableId": {
          "Ref": "VPCRouteTableDefault"
        }
      }
    },
    "Subnet11RouteTableAssociation": {
      "Type": "AWS::EC2::SubnetRouteTableAssociation",
      "Condition": "Create11Subnets",
      "Properties": {
        "SubnetId": {
          "Ref": "Subnet11"
        },
        "RouteTableId": {
          "Ref": "VPCRouteTableDefault"
        }
      }
    },
    "S3Endpoint": {
      "Type": "AWS::EC2::VPCEndpoint",
      "DependsOn": [ "VPCRouteTableInternet", "VPCRouteTableDefault" ],
      "Properties": {
        "PolicyDocument": {
          "Version": "2012-10-17",
          "Statement": [
            {
              "Effect": "Allow",
              "Principal": "*",
              "Action": [ "s3:*" ],
              "Resource": [ "*" ]
            }
          ]
        },
        "RouteTableIds": [
          { "Ref": "VPCRouteTableDefault" },
          { "Ref": "VPCRouteTableInternet" }
        ],
        "ServiceName": {
          "Fn::Join": [
            "",
            [
              "com.amazonaws.",
              { "Ref": "AWS::Region" },
              ".s3"
            ]
          ]
        },
        "VpcId": { "Ref": "myVPC" }
      }
    },
    "VPNGateway": {
      "Type": "AWS::EC2::VPNGateway",
      "Condition": "CreateVPNResources",
      "Properties": {
        "Type": "ipsec.1",
        "Tags": [
          {
            "Key": "Name",
            "Value": {
              "Fn::Join": [
                "",
                [
                  { "Ref": "VPCName" },
                  "_TO_HUB_VGW1"
                ]
              ]
            }
          },
          {
            "Key": "LOB",
            "Value": { "Ref": "LOB" }
          },
          {
            "Key": "Environment",
            "Value": { "Ref": "Environment" }
          },
          {
            "Key": "Provisioned Group",
            "Value": { "Ref": "ProvisionedGroup" }
          }
        ]
      }
    },
    "VPNGatewayAttachment": {
      "Type": "AWS::EC2::VPCGatewayAttachment",
      "Condition": "CreateVPNResources",
      "Properties": {
        "VpcId": { "Ref": "myVPC" },
        "VpnGatewayId": { "Ref": "VPNGateway" }
      }
    },
    "VGWDirectConnect": {
      "Type": "AWS::EC2::VPNGateway",
      "Condition": "CreateDirectConnectResources",
      "Properties": {
        "Type": "ipsec.1",
        "Tags": [
          {
            "Key": "Name",
            "Value": {
              "Fn::Join": [
                "",
                [
                  { "Ref": "VPCName" },
                  "_VGW"
                ]
              ]
            }
          },
          {
            "Key": "LOB",
            "Value": { "Ref": "LOB" }
          },
          {
            "Key": "Environment",
            "Value": { "Ref": "Environment" }
          },
          {
            "Key": "Provisioned Group",
            "Value": { "Ref": "ProvisionedGroup" }
          }
        ]
      }
    },
    "VGWDirectConnectAttachment": {
      "Type": "AWS::EC2::VPCGatewayAttachment",
      "Condition": "CreateDirectConnectResources",
      "Properties": {
        "VpcId": { "Ref": "myVPC" },
        "VpnGatewayId": { "Ref": "VGWDirectConnect" }
      }
    },

    "CustomerGateway": {
      "Type": "AWS::EC2::CustomerGateway",
      "Condition": "CreateVPNResources",
      "Properties": {
        "Type": "ipsec.1",
        "BgpAsn": { "Ref": "VPNBGPAsn" },
        "IpAddress": { "Ref": "VPNAddress" },
        "Tags": [
          {
            "Key": "Name",
            "Value": {
              "Fn::Join": [
                "",
                [
                  { "Ref": "VPCName" },
                  "_TO_HUB_CG1"
                ]
              ]
            }
          },
          {
            "Key": "LOB",
            "Value": { "Ref": "LOB" }
          },
          {
            "Key": "Environment",
            "Value": { "Ref": "Environment" }
          },
          {
            "Key": "Provisioned Group",
            "Value": { "Ref": "ProvisionedGroup" }
          }
        ]
      }
    },
    "VPNConnection": {
      "Type": "AWS::EC2::VPNConnection",
      "Condition": "CreateVPNResources",
      "Properties": {
        "Type": "ipsec.1",
        "StaticRoutesOnly": "false",
        "CustomerGatewayId": { "Ref": "CustomerGateway" },
        "VpnGatewayId": { "Ref": "VPNGateway" },
        "Tags": [
          {
            "Key": "Name",
            "Value": {
              "Fn::Join": [
                "",
                [
                  { "Ref": "VPCName" },
                  "_TO_HUB_VPN1"
                ]
              ]
            }
          },
          {
            "Key": "LOB",
            "Value": { "Ref": "LOB" }
          },
          {
            "Key": "Environment",
            "Value": { "Ref": "Environment" }
          },
          {
            "Key": "Provisioned Group",
            "Value": { "Ref": "ProvisionedGroup" }
          }
        ]
      }
    },
    "createDeleteDefaultVpcLambdaFunction": {
      "Type": "AWS::Lambda::Function",
      "Description": "Deletes all aws generated default VPC dependencies, then deletes the default VPC.",
      "Properties": {
        "FunctionName": {
          "Fn::Join": [
            "",
            [
              "DeleteDefaultVpcLambdaFunction",
              "-",
              { "Ref": "VPCName" }
            ]
          ]

        },
        "Description": "Generated by Cloud Formation - Deletes all aws generated default VPC dependencies, then deletes the default VPC.",
        "Handler": "index.delete_dft_vpc",
        "Role": {
          "Fn::Join": [
            "",
            [
              "arn:aws:iam",
              ":",
              ":",
              { "Ref": "AWS::AccountId" },
              ":",
              "role",
              "/",
              "AWSNetworkLambdaServiceRole"
            ]
          ]
        },
        "Timeout": "30",
        "Runtime": "python2.7",
        "Code": {
          "ZipFile": {
            "Fn::Join": [
              "\n",
              [
                "# Deletes all default VPC dependencies, then deletes the default VPC. There is no easy way to undo this.",
                "from __future__ import print_function",
                "import boto3",
                "from botocore.exceptions import ClientError, ParamValidationError",
                "import json",
                "import urllib2",
                "              ",
                "              ",
                "try:",
                "    client = boto3.client('ec2')",
                "    vpc_filter = [{'Name': 'isDefault', 'Values': ['true']}]",
                "    vpc_id =  client.describe_vpcs(DryRun=False, Filters=vpc_filter)['Vpcs'][0]['VpcId']",
                "    # filters for describing  vpc resources",
                "    ig_filter = [{'Name': 'attachment.vpc-id', 'Values': [vpc_id]}]",
                "    rt_tbl_filter = [{'Name': 'vpc-id', 'Values': [vpc_id]}]",
                "    subnet_filter = [{'Name': 'vpc-id', 'Values': [vpc_id]}]",
                "    sg_filter = [{'Name': 'vpc-id', 'Values': [vpc_id]}]",
                "    nacl_filter = [{'Name': 'vpc-id', 'Values': [vpc_id]}, {'Name': 'default', 'Values': ['false']}]",
                "    # describe vpc associated resources",
                "    rt_tbls = client.describe_route_tables(DryRun=False, Filters=rt_tbl_filter)",
                "    int_gateways = client.describe_internet_gateways(DryRun=False, Filters=ig_filter)",
                "    subnets = client.describe_subnets(DryRun=False, Filters=subnet_filter)",
                "    security_groups = client.describe_security_groups(DryRun=False, Filters=sg_filter)",
                "    nacls = client.describe_network_acls(DryRun=False, Filters=nacl_filter)",
                "except:",
                "    pass",
                "",
                "def delete_dft_vpc(event, context):",
                "    if event['RequestType'] == 'Create':",
                "        delete_default_subnets()",
                "        delete_default_route_tables()",
                "        delete_default_network_acls()",
                "        delete_default_security_groups()",
                "        delete_default_internet_gateways()",
                "        delete_default_vpc()",
                "        sendResponse(event, context, 'SUCCESS', data=  {})",
                "    elif event['RequestType'] == 'Delete':",
                "        sendResponse(event, context, 'SUCCESS', data=None)",
                "",
                "def except_error(function):",
                "    def checked_function(*args, **kwargs):",
                "        try:",
                "            function(*args, **kwargs)",
                "        except (ClientError, ParamValidationError, Exception) as e:",
                "            print(e)",
                "        return function",
                "    return checked_function",
                "",
                "@except_error",
                "def delete_default_subnets():",
                "    for subnet in subnets['Subnets']:",
                "        client.delete_subnet(DryRun=False, SubnetId=subnet['SubnetId'])",
                "",
                "@except_error",
                "def delete_default_route_tables():",
                "    for table in rt_tbls['RouteTables']:",
                "        client.delete_route_table(DryRun=False, RouteTableId=table['RouteTableId'])",
                "",
                "@except_error",
                "def delete_default_network_acls():",
                "    for nacl in nacls['NetworkAcls']:",
                "        client.delete_network_acl(DryRun=False, NetworkAclId=nacl['NetworkAclId'])",
                "",
                "@except_error",
                "def delete_default_security_groups():",
                "    for security_group in security_groups['SecurityGroups']:",
                "        if security_group['GroupName'] != 'default':",
                "            client.delete_security_group(DryRun=False, GroupId=security_group['GroupId'])",
                "",
                "@except_error",
                "def delete_default_internet_gateways():",
                "    for gateway in int_gateways['InternetGateways']:",
                "        client.detach_internet_gateway(DryRun=False, InternetGatewayId=gateway['InternetGatewayId'], VpcId=vpc_id)",
                "        client.delete_internet_gateway(DryRun=False, InternetGatewayId=gateway['InternetGatewayId'])",
                "",
                "@except_error",
                "def delete_default_vpc():",
                "    client.delete_vpc(DryRun=False, VpcId=vpc_id)",
                "",
                "def sendResponse(event, context, responseStatus, data=None):",
                "    response = {",
                "        'Status': responseStatus,",
                "        'Reason': 'Check logs for details',",
                "        'StackId': event['StackId'],",
                "        'RequestId': event['RequestId'],",
                "        'LogicalResourceId': event['LogicalResourceId'],",
                "        'PhysicalResourceId': 'lambda-custom-moodys',",
                "        'Data': data",
                "    }                           ",
                "    serialized = json.dumps(response)",
                "    req = urllib2.Request(event['ResponseURL'], data=serialized, # form request",
                "    headers={'Content-Length': len(serialized), 'Content-Type': ''})",
                "    req.get_method = lambda: 'PUT' # set method call type to PUT",
                "    urllib2.urlopen(req) # callback to CF "

              ]
            ]
          }
        }
      }
    },
    "createRouteTableAssociationsLambdaFunction": {
      "Type": "AWS::Lambda::Function",
      "Description": "Sets moody's custom default route table as main routing table and deletes auto-generated aws route table.",
      "Properties": {
        "FunctionName": {
          "Fn::Join": [
            "",
            [
              "RouteTableAssociationsLambdaFunction",
              "-",
              { "Ref": "VPCName" }
            ]
          ]

        },
        "Description": "Generated by Cloud Formation - Sets moody's custom default route table as main routing table and deletes auto-generated aws route table. Enables VGW Route Propagation.",
        "Handler": "index.rt_association",
        "Role": {
          "Fn::Join": [
            "",
            [
              "arn:aws:iam",
              ":",
              ":",
              { "Ref": "AWS::AccountId" },
              ":",
              "role",
              "/",
              "AWSNetworkLambdaServiceRole"
            ]
          ]
        },
        "Timeout": "30",
        "Runtime": "python2.7",
        "Code": {
          "ZipFile": {
            "Fn::Join": [
              "\n",
              [
                          "from __future__ import print_function",
                          "import boto3",
                          "from botocore.exceptions import ClientError, ParamValidationError",
                          "import json",
                          "import urllib2",
                          "              ",
                          "client = boto3.client('ec2')",
                          "                            ",
                          "def rt_association(event, context):",
                          "    if event['RequestType'] == 'Create':",
                          "        client = boto3.client('ec2')",
                          "        vpc_id = event['ResourceProperties']['CurrentVPCId']",
                          "        new_rt = event['ResourceProperties']['MoodysCustomRouteTable']",
                          "        vgw_id = event['ResourceProperties']['VGWDirectConnectId']",
                          "        desc_route_tables = client.describe_route_tables(DryRun=False, Filters=[{'Name':'vpc-id', 'Values':[vpc_id]}])",
                          "        ",
                          "        try:",
                          "            # enable VGW route propagation for direct connect ",
                          "            for rt in desc_route_tables['RouteTables']:",
                          "                response = client.enable_vgw_route_propagation(",
                          "                    GatewayId=vgw_id,",
                          "                    RouteTableId=rt['RouteTableId']",
                          "                )",
                          "        except ClientError, ParamValidationError:",
                          "            pass",
                          "        ",
                          "        # now begin setting the main default route table",
                          "        # get properties of aws auto-generated main default route table",
                          "        aws_gen_default_rt_associations_id = get_main_route_table_association_id(desc_route_tables, vpc_id, new_rt)[0]",
                          "        aws_gen_default_rt_id = get_main_route_table_association_id(desc_route_tables, vpc_id, new_rt)[1]",
                          "        # designate custom moody's cloud formation generated default route table as the main route table",
                          "        try:",
                          "            change_main_route_table = client.replace_route_table_association(",
                          "                DryRun=False,",
                          "                AssociationId= aws_gen_default_rt_associations_id, # aws generated default route table",
                          "                RouteTableId= new_rt # moody's default route table",
                          "            )",
                          "        except ClientError, ParamValidationError:",
                          "            pass",
                          "        ",
                          "        try:                                         ",
                          "            # delete the aws auto-generated default route table",
                          "            delete_aws_gen_default_rt = client.delete_route_table(DryRun=False, RouteTableId=aws_gen_default_rt_id)",
                          "        except ClientError, ParamValidationError:",
                          "            pass",
                          "        ",
                          "        sendResponse(event, context, 'SUCCESS', data=  {})",
                          "    elif event['RequestType'] == 'Delete':",
                          "        sendResponse(event, context, 'SUCCESS', data=None)",
                          "                                                          ",
                          "def get_main_route_table_association_id(route_tables, vpc_id, new_rt):",
                          "    for route_table in route_tables['RouteTables']:",
                          "        for rt_associations in route_table['Associations']:",
                          "            if rt_associations.get('Main') == True and rt_associations['RouteTableId'] != new_rt:",
                          "                old_rt_id = rt_associations['RouteTableId']",
                          "                old_rt_associations_id = rt_associations['RouteTableAssociationId']",
                          "                return (old_rt_associations_id, old_rt_id )",
                          "    return ('empty', 'empty')",
                          "def sendResponse(event, context, responseStatus, data=None):",
                          "    response = {",
                          "        'Status': responseStatus,",
                          "        'Reason': 'Check logs for details',",
                          "        'StackId': event['StackId'],",
                          "        'RequestId': event['RequestId'],",
                          "        'LogicalResourceId': event['LogicalResourceId'],",
                          "        'PhysicalResourceId': 'lambda-custom-moodys',",
                          "        'Data': data",
                          "    }",
                          "    serialized = json.dumps(response)",
                          "    req = urllib2.Request(event['ResponseURL'], data=serialized, # form request",
                          "    headers={'Content-Length': len(serialized), 'Content-Type': ''})",
                          "    req.get_method = lambda: 'PUT' # set method call type to PUT",
                          "    urllib2.urlopen(req) # callback to CF"

              ]
            ]
          }
        }
      }
    },
    "createInternetRouteAssociationsLambdaFunction": {
      "Type": "AWS::Lambda::Function",
      "Description": "Associates internet subnets with internet routing table. Names default NACL.",
      "Properties": {
        "Description": "Generated By Cloud Formation - Associates internet subnets with internet routing table",
        "FunctionName": {
          "Fn::Join": [
            "",
            [
              "InternetRouteAssociationsLambdaFunction",
              "-",
              { "Ref": "VPCName" }
            ]
          ]
        },
        "Handler": "index.internet_association",
        "Role": {
          "Fn::Join": [
            "",
            [
              "arn:aws:iam",
              ":",
              ":",
              { "Ref": "AWS::AccountId" },
              ":",
              "role",
              "/",
              "AWSNetworkLambdaServiceRole"
            ]
          ]
        },
        "Timeout": "30",
        "Runtime": "python2.7",
        "Code": {
          "ZipFile": {
            "Fn::Join": [
              "\n",
              [

                "from __future__ import print_function",
                "import boto3",
                "from botocore.exceptions import ClientError, ParamValidationError",
                "import json",
                "import urllib2",
                "              ",
                "                            ",
                "def internet_association(event, context):",
                "    if event['RequestType'] == 'Create':",
                "        client = boto3.client('ec2')",
                "        site_code = event['ResourceProperties']['CurrentVPCName']",
                "        # set up filters and describe calls",
                "        vpc_filter = [{'Name': 'tag:Name', 'Values': [site_code]}]",
                "        vpc_id =  client.describe_vpcs(DryRun=False, Filters=vpc_filter)['Vpcs'][0]['VpcId']",
                "        internet_filter = [{'Name': 'vpc-id', 'Values': [vpc_id]}, {'Name': 'tag:Name', 'Values': ['*INTERNET*']}]",
                "        default_filter = [{'Name': 'vpc-id', 'Values': [vpc_id]}, {'Name': 'tag:Name', 'Values': ['*DEFAULT*']}]",
                "        internet_subnets = client.describe_subnets(DryRun=False, Filters=internet_filter)",
                "        default_route_table = client.describe_route_tables(DryRun=False, Filters=default_filter)",
                "        internet_route_table = client.describe_route_tables(DryRun=False, Filters=internet_filter)",
                "        internet_route_table_id = internet_route_table['RouteTables'][0]['RouteTableId']",
                "        default_rt_assoc = default_route_table['RouteTables'][0]['Associations']",
                "        lst_of_internet_subnets = [k.get('SubnetId') for k in internet_subnets['Subnets']]",
                "",
                "        # disassociate INTERNET subnets from DEFAULT Moody's. Then set INTERNET subnets to INTERNET route table",
                "        for association in default_rt_assoc:",
                "            if association.get('SubnetId') in lst_of_internet_subnets:",
                "                client.disassociate_route_table(",
                "                    DryRun=False,",
                "                    AssociationId=association['RouteTableAssociationId']",
                "                 )",
                "                client.associate_route_table(",
                "                    DryRun=False,",
                "                    SubnetId=association['SubnetId'],",
                "                    RouteTableId=internet_route_table_id",
                "                 )",
                "        sendResponse(event, context, 'SUCCESS', data=  {})",
                "    elif event['RequestType'] == 'Delete':",
                "        sendResponse(event, context, 'SUCCESS', data=None)",
                "",
                "def sendResponse(event, context, responseStatus, data=None):",
                "    response = {",
                "        'Status': responseStatus,",
                "        'Reason': 'Check logs for details',",
                "        'StackId': event['StackId'],",
                "        'RequestId': event['RequestId'],",
                "        'LogicalResourceId': event['LogicalResourceId'],",
                "        'PhysicalResourceId': 'lambda-custom-moodys',",
                "        'Data': data",
                "    }",
                "    serialized = json.dumps(response)",
                "    req = urllib2.Request(event['ResponseURL'], data=serialized, # form request",
                "    headers={'Content-Length': len(serialized), 'Content-Type': ''})",
                "    req.get_method = lambda: 'PUT' # set method call type to PUT",
                "    urllib2.urlopen(req) # callback to CF"
              ]
            ]
          }
        }
      }
    },
    "createVPCPeeringConnectionLambdaFunction": {
      "Type": "AWS::Lambda::Function",
      "Description": "Creates request for VPC peering with shared services VPC",
      "Condition": "CreateVPCPeeringResources",
      "Properties": {
        "Description": "Generated By Cloud Formation - Creates request for VPC peering with shared services VPC",
        "FunctionName": {
          "Fn::Join": [
            "",
            [
              "VPCPeeringConnectionLambdaFunction",
              "-",
              { "Ref": "VPCName" }
            ]
          ]
        },
        "Handler": "index.request_vpc_peering",
        "Role": {
          "Fn::Join": [
            "",
            [
              "arn:aws:iam",
              ":",
              ":",
              { "Ref": "AWS::AccountId" },
              ":",
              "role",
              "/",
              "AWSNetworkLambdaServiceRole"
            ]
          ]
        },
        "Timeout": "30",
        "Runtime": "python2.7",
        "Code": {
          "ZipFile": {
            "Fn::Join": [
              "\n",
              [

                "from __future__ import print_function",
                "import boto3",
                "import json",
                "import urllib2",
                "",
                "def request_vpc_peering(event, context):",
                "    if event['RequestType'] == 'Create':",
                "        try:",
                "            client = boto3.client('ec2')",
                "            site_code = event['ResourceProperties']['CurrentVPCName']",
                "            ss_site_code = event['ResourceProperties']['SSVPCName']",
                "            vpc_id = event['ResourceProperties']['CurrentVPCId']",
                "            peer_vpc_id = event['ResourceProperties']['PeerVPCId']",
                "            peer_acct_id = event['ResourceProperties']['PeerVPCAccountId']",
                "            peer_cidr_range = event['ResourceProperties']['VPCPeerCIDRRange']",
                "            def_rt_id = event['ResourceProperties']['DefaultRouteTable']",
                "            inet_rt_id = event['ResourceProperties']['InternetRouteTable']",
                "            response = client.create_vpc_peering_connection(",
                "                  DryRun=False,",
                "                  VpcId=vpc_id,",
                "                  PeerVpcId=peer_vpc_id,",
                "                  PeerOwnerId=peer_acct_id",
                "              )",
                "            # look for vpc peering connection we just created",
                "            vpc_peering_conn_id = response['VpcPeeringConnection']['VpcPeeringConnectionId']",
                "            # tag that vpc peering connection",
                "            client.create_tags(",
                "                Resources=[vpc_peering_conn_id],",
                "                Tags=[",
                "                    {",
                "                        'Key': 'Name',",
                "                        'Value': '%s_TO_%s_VPC_PEER' %(site_code, ss_site_code)",
                "                    },",
                "                ],",
                "            )",
                "        except:",
                "            pass",
                "        try:",
                "            ec2 = boto3.resource('ec2')",
                "            def_route_table = ec2.RouteTable(def_rt_id)",
                "            route = def_route_table.create_route(",
                "                DryRun=False,",
                "                DestinationCidrBlock = peer_cidr_range,",
                "                VpcPeeringConnectionId = vpc_peering_conn_id",
                "            )",
                "            inet_route_table = ec2.RouteTable(inet_rt_id)",
                "            route = inet_route_table.create_route(",
                "                DryRun=False,",
                "                DestinationCidrBlock = peer_cidr_range,",
                "                VpcPeeringConnectionId = vpc_peering_conn_id",
                "            )",
                "        except:",
                "            pass",
                "        sendResponse(event, context, 'SUCCESS', data=  {})",
                "    elif event['RequestType'] == 'Delete':",
                "        sendResponse(event, context, 'SUCCESS', data=None)",
                "        ",
                "def sendResponse(event, context, responseStatus, data=None):",
                "    response = {",
                "        'Status': responseStatus,",
                "        'Reason': 'Check logs for details',",
                "        'StackId': event['StackId'],",
                "        'RequestId': event['RequestId'],",
                "        'LogicalResourceId': event['LogicalResourceId'],",
                "        'PhysicalResourceId': 'lambda-custom-moodys',",
                "        'Data': data",
                "    }           ",
                "        ",
                "    serialized = json.dumps(response)",
                "    req = urllib2.Request(event['ResponseURL'], data=serialized, # form request",
                "    headers={'Content-Length': len(serialized), 'Content-Type': ''})",
                "    req.get_method = lambda: 'PUT' # set method call type to PUT",
                "    urllib2.urlopen(req) # callback to CF "
              ]
            ]
          }
        }
      }
    },
    "createTagSubnetsLambdaFunction": {
      "Type": "AWS::Lambda::Function",
      "DependsOn":  "Subnet1RouteTableAssociation",
      "Description": "Tags Subnets in VPC",
      "Properties": {
        "Description": "Generated By Cloud Formation - Implements the 'USECASE' subnet tag for subnets. Tags default NACL.",
        "FunctionName": {
          "Fn::Join": [
            "",
            [
              "TagSubnetsLambdaFunction",
              "-",
              { "Ref": "VPCName" }
            ]
          ]
        },
        "Handler": "index.tag_subnets",
        "Role": {
          "Fn::Join": [
            "",
            [
              "arn:aws:iam",
              ":",
              ":",
              { "Ref": "AWS::AccountId" },
              ":",
              "role",
              "/",
              "AWSNetworkLambdaServiceRole"
            ]
          ]
        },
        "Timeout": "30",
        "Runtime": "python2.7",
        "Code": {
          "ZipFile": {
            "Fn::Join": [
              "\n",
              [

                  "from __future__ import print_function",
                  "from botocore.exceptions import  ClientError, ParamValidationError",
                  "import boto3, json, urllib2, time",
                  "def except_catch(function):",
                  "    ''' for exceptions '''",
                  "    def checked_function(*args, **kwargs):",
                  "        try:",
                  "            function(*args, **kwargs)",
                  "        except (ClientError, ParamValidationError, BaseException) as e:",
                  "            print(e)",
                  "        return function",
                  "    return checked_function",
                  "def tag_subnets(event, context):",
                  "    ''' function to tag the subnets accordingly '''",
                  "    if event['RequestType'] == 'Create':",
                  "		# wait for subnets",
                  "        time.sleep(15)",
                  "        client = boto3.client('ec2')",
                  "        site_code = event['ResourceProperties']['CurrentVPCName']",
                  "        vpc_id = event['ResourceProperties']['VPCId']",
                  "        # Filters",
                  "        inet_filter = [{'Name': 'vpc-id', 'Values': [vpc_id]}, {'Name': 'tag:Name', 'Values': ['*INTERNET*']}]",
                  "        ipsec_filter = [{'Name': 'vpc-id', 'Values': [vpc_id]}, {'Name': 'tag:Name', 'Values': ['*IPSEC*']}]",
                  "        all_filter = [{'Name': 'vpc-id', 'Values': [vpc_id]}, {'Name': 'tag:Name', 'Values': ['*']}]",
                  "        default_nacl_filter = [{'Name': 'vpc-id', 'Values': [vpc_id]}, {'Name': 'default', 'Values': ['true']}]",
                  "        lob_tag = event['ResourceProperties']['LOB']",
                  "        env_tag = event['ResourceProperties']['Environment']",
                  "        prov_grp_tag = event['ResourceProperties']['ProvisionedGroup']",
                  "        # list comprehension to obtain subnet ids for each subnet category",
                  "        inet_subnet_ids = [subnet['SubnetId'] for subnet in client.describe_subnets(DryRun=False, Filters=inet_filter)['Subnets']]",
                  "        ipsec_subnet_ids = [subnet['SubnetId'] for subnet in client.describe_subnets(DryRun=False, Filters=ipsec_filter)['Subnets']]",
                  "        unrestricted_subnet_ids = [subnet['SubnetId'] for subnet in client.describe_subnets(DryRun=False, Filters=all_filter)['Subnets'] if subnet['SubnetId'] not in ipsec_subnet_ids and subnet['SubnetId'] not in inet_subnet_ids]",
                  "        # default NACL",
                  "        default_nacl = client.describe_network_acls(",
                  "            DryRun=False,",
                  "            Filters=default_nacl_filter)  ",
                  "        @except_catch",
                  "        def tag_unrestricted_subnets():",
                  "            client.create_tags(",
                  "                Resources=unrestricted_subnet_ids,",
                  "                Tags=[{'Key': 'USECASE','Value': '',}])",
                  "        @except_catch",
                  "        def tag_inet_subnets():",
                  "            client.create_tags(",
                  "                Resources=inet_subnet_ids,",
                  "                Tags=[{'Key': 'USECASE','Value': 'IRS,NET',}])",
                  "        @except_catch",
                  "        def tag_ipsec_subnets():",
                  "            client.create_tags(",
                  "                Resources=ipsec_subnet_ids,",
                  "                Tags=[{'Key': 'USECASE','Value': 'IRS,NET',}])",
                  "        @except_catch",
                  "        def tag_dflt_nacl():",
                  "            client.create_tags(",
                  "                Resources=[default_nacl['NetworkAcls'][0]['NetworkAclId']],",
                  "                Tags=[{'Key': 'LOB','Value': lob_tag,},{'Key': 'Environment','Value': env_tag,},{'Key': 'Provisioned Group','Value': prov_grp_tag,}, {'Key': 'Name','Value': '%s_DEFAULT_NACL' %(site_code)}])  ",
                  "        tag_ipsec_subnets()",
                  "        tag_inet_subnets()",
                  "        tag_unrestricted_subnets()",
                  "        tag_dflt_nacl()",
                  "        sendResponse(event, context, 'SUCCESS', data=  {})",
                  "    elif event['RequestType'] == 'Delete':",
                  "        sendResponse(event, context, 'SUCCESS', data=None)     ",
                  "def sendResponse(event, context, responseStatus, data=None):",
                  "    response = {",
                  "        'Status': responseStatus,",
                  "        'Reason': 'Check logs for details',",
                  "        'StackId': event['StackId'],",
                  "        'RequestId': event['RequestId'],",
                  "        'LogicalResourceId': event['LogicalResourceId'],",
                  "        'PhysicalResourceId': 'lambda-custom-moodys',",
                  "        'Data': data }",
                  "    serialized = json.dumps(response)",
                  "    req = urllib2.Request(event['ResponseURL'], data=serialized, # form request",
                  "    headers={'Content-Length': len(serialized), 'Content-Type': ''})",
                  "    req.get_method = lambda: 'PUT' # set call to PUT",
                  "    urllib2.urlopen(req) # callback to CF"
              ]
            ]
          }
        }
      }
    },

    "runRouteTableAssociationsLambdaFunction": {
      "Type": "Custom::runRouteTableAssociationsLambdaFunction",
      "DependsOn": "createRouteTableAssociationsLambdaFunction",
      "Properties": {
        "ServiceToken": {
          "Fn::Join": [
            "",
            [
              "arn:aws:lambda:",
              { "Ref": "AWS::Region" },
              ":",
              { "Ref": "AWS::AccountId" },
              ":function:",
              "RouteTableAssociationsLambdaFunction",
              "-",
              { "Ref": "VPCName" }
            ]
          ]
        },
        "MoodysCustomRouteTable": { "Ref": "VPCRouteTableDefault" },
        "CurrentVPCId": { "Ref": "myVPC" },
        "VGWDirectConnectId":  { "Ref": "VGWDirectConnect" }
      }
    },
    "runDeleteDefaultVpcLambdaFunction": {
      "Type": "Custom::runDeleteDefaultVpcLambdaFunction",
      "DependsOn": "createDeleteDefaultVpcLambdaFunction",
      "Properties": {
        "ServiceToken": {
          "Fn::Join": [
            "",
            [
              "arn:aws:lambda:",
              { "Ref": "AWS::Region" },
              ":",
              { "Ref": "AWS::AccountId" },
              ":function:",
              "DeleteDefaultVpcLambdaFunction",
              "-",
              { "Ref": "VPCName" }
            ]
          ]
        }
      }
    },
    "runInternetRouteAssociationsLambdaFunction": {
      "Type": "Custom::runInternetRouteAssociationsLambdaFunction",
      "DependsOn": "createInternetRouteAssociationsLambdaFunction",
      "Properties": {
        "ServiceToken": {
          "Fn::Join": [
            "",
            [
              "arn:aws:lambda:",
              { "Ref": "AWS::Region" },
              ":",
              { "Ref": "AWS::AccountId" },
              ":function:",
              "InternetRouteAssociationsLambdaFunction",
              "-",
              { "Ref": "VPCName" }
            ]
          ]
        },
        "CurrentVPCName": { "Ref": "VPCName" }
      }
    },
    "runVPCPeeringConnectionLambdaFunction": {
      "Type": "Custom::runVPCPeeringConnectionLambdaFunction",
      "DependsOn": "createVPCPeeringConnectionLambdaFunction",
      "Condition": "CreateVPCPeeringResources",
      "Properties": {
        "ServiceToken": {
          "Fn::Join": [
            "",
            [
              "arn:aws:lambda:",
              { "Ref": "AWS::Region" },
              ":",
              { "Ref": "AWS::AccountId" },
              ":function:",
              "VPCPeeringConnectionLambdaFunction",
              "-",
              { "Ref": "VPCName" }
            ]
          ]
        },
        "CurrentVPCName": { "Ref": "VPCName" },
        "SSVPCName": { "Ref": "SSVPCName" },
        "CurrentVPCId": { "Ref": "myVPC" },
        "PeerVPCId": { "Ref": "PeerVPCId" },
        "PeerVPCAccountId": { "Ref": "PeerVPCAccountId" },
        "VPCPeerCIDRRange": { "Ref": "VPCPeerCIDRRange" },
        "DefaultRouteTable": { "Ref": "VPCRouteTableDefault" },
        "InternetRouteTable": { "Ref": "VPCRouteTableInternet" }
      }
    },
    "runTagSubnetsLambdaFunction": {
      "Type": "Custom::runTagSubnetsLambdaFunction",
      "DependsOn": "createTagSubnetsLambdaFunction",
      "Properties": {
        "ServiceToken": {
          "Fn::Join": [
            "",
            [
              "arn:aws:lambda:",
              { "Ref": "AWS::Region" },
              ":",
              { "Ref": "AWS::AccountId" },
              ":function:",
              "TagSubnetsLambdaFunction",
              "-",
              { "Ref": "VPCName" }
            ]
          ]
        },
        "CurrentVPCName": { "Ref": "VPCName" },
        "VPCId": { "Ref": "myVPC" },
        "LOB": { "Ref": "LOB" },
        "Environment": { "Ref": "Environment" },
        "ProvisionedGroup": { "Ref": "ProvisionedGroup" }
      }
    }
  },
    "Outputs": {
      "VpcSummary": {
        "Value": {
          "Fn::Join": [
            "",
            [
              "VPC Name: ",
              { "Ref": "VPCName" },
              ", ",
              "VPC ID: ",
              { "Ref": "myVPC" },
              ", ",
              "CIDR",
              { "Ref": "VpcIpBlock" }
            ]
          ]
        }
      },
      "VPCIdOnly": {
        "Value": {"Ref": "DHCPOptionSet"},
        "Export": {
          "Name": {
            "Fn::Sub": "${AWS::StackName}-VpcId"
          }
        }
      },
      "DHCPOptionsSetForVPC": {
        "Value": {
          "Ref": "DHCPOptionSet"
        }
      },
      "InternetGateway": {
        "Value": {
          "Ref": "InternetGateway"
        }
      },
      "SecurityGroupANYANYId": {
        "Value": {
          "Ref": "VPCSecurityGroup"
        }
      },
      "DefaultRouteTable": {
        "Value": { "Ref": "VPCRouteTableDefault" },
        "Export": {
          "Name": {
            "Fn::Sub": "${AWS::StackName}-DefaultRouteTableId"
          }
        }
      },
      "InternetRouteTable": {
        "Value": { "Ref": "VPCRouteTableInternet" },
        "Export": {
          "Name": {
            "Fn::Sub": "${AWS::StackName}-InternetRouteTableId"
          }
        }
      },
      "Subnet1": {
        "Value": {
          "Fn::Join": [
            "",
            [
              "Subnet_1: ",
              { "Ref": "Subnet1Name" },
              ", ",
              { "Ref": "Subnet1" },
              ", ",
              "CIDR: ",
              { "Ref": "Subnet1IP" },
              ", ",
              "AZ: ",
              { "Ref": "Subnet1AZ" }
            ]
          ]
        }
      },
      "Subnet2": {
        "Condition": "Create2Subnets",
        "Value": {
          "Fn::Join": [
            "",
            [
              "Subnet_2: ",
              { "Ref": "Subnet2Name" },
              ", ",
              { "Ref": "Subnet2" },
              ", ",
              "CIDR: ",
              { "Ref": "Subnet2IP" },
              ", ",
              "AZ: ",
              { "Ref": "Subnet2AZ" }
            ]
          ]
        }
      },
      "Subnet3": {
        "Condition": "Create3Subnets",
        "Value": {
          "Fn::Join": [
            "",
            [
              "Subnet_3: ",
              { "Ref": "Subnet3Name" },
              ", ",
              { "Ref": "Subnet3" },
              ", ",
              "CIDR: ",
              { "Ref": "Subnet3IP" },
              ", ",
              "AZ: ",
              { "Ref": "Subnet3AZ" }
            ]
          ]
        }
      },
      "Subnet4": {
        "Condition": "Create4Subnets",
        "Value": {
          "Fn::Join": [
            "",
            [
              "Subnet_4: ",
              { "Ref": "Subnet4Name" },
              ", ",
              { "Ref": "Subnet4" },
              ", ",
              "CIDR: ",
              { "Ref": "Subnet4IP" },
              ", ",
              "AZ: ",
              { "Ref": "Subnet4AZ" }
            ]
          ]
        }
      },
      "Subnet5": {
        "Condition": "Create5Subnets",
        "Value": {
          "Fn::Join": [
            "",
            [
              "Subnet_5: ",
              { "Ref": "Subnet5Name" },
              ", ",
              { "Ref": "Subnet5" },
              ", ",
              "CIDR: ",
              { "Ref": "Subnet5IP" },
              ", ",
              "AZ: ",
              { "Ref": "Subnet5AZ" }
            ]
          ]
        }
      },
      "Subnet6": {
        "Condition": "Create6Subnets",
        "Value": {
          "Fn::Join": [
            "",
            [
              "Subnet_6: ",
              { "Ref": "Subnet6Name" },
              ", ",
              { "Ref": "Subnet6" },
              ", ",
              "CIDR: ",
              { "Ref": "Subnet6IP" },
              ", ",
              "AZ: ",
              { "Ref": "Subnet6AZ" }
            ]
          ]
        }
      },
      "Subnet7": {
        "Condition": "Create7Subnets",
        "Value": {
          "Fn::Join": [
            "",
            [
              "Subnet_7: ",
              { "Ref": "Subnet7Name" },
              ", ",
              { "Ref": "Subnet7" },
              ", ",
              "CIDR: ",
              { "Ref": "Subnet7IP" },
              ", ",
              "AZ: ",
              { "Ref": "Subnet7AZ" }
            ]
          ]
        }
      },
      "Subnet8": {
        "Condition": "Create8Subnets",
        "Value": {
          "Fn::Join": [
            "",
            [
              "Subnet_8: ",
              { "Ref": "Subnet8Name" },
              ", ",
              { "Ref": "Subnet8" },
              ", ",
              "CIDR: ",
              { "Ref": "Subnet8IP" },
              ", ",
              "AZ: ",
              { "Ref": "Subnet8AZ" }
            ]
          ]
        }
      },
      "Subnet9": {
        "Condition": "Create9Subnets",
        "Value": {
          "Fn::Join": [
            "",
            [
              "Subnet_9: ",
              { "Ref": "Subnet9Name" },
              ", ",
              { "Ref": "Subnet9" },
              ", ",
              "CIDR: ",
              { "Ref": "Subnet9IP" },
              ", ",
              "AZ: ",
              { "Ref": "Subnet9AZ" }
            ]
          ]
        }
      },
      "Subnet10": {
        "Condition": "Create10Subnets",
        "Value": {
          "Fn::Join": [
            "",
            [
              "Subnet_10: ",
              { "Ref": "Subnet10Name" },
              ", ",
              { "Ref": "Subnet10" },
              ", ",
              "CIDR: ",
              { "Ref": "Subnet10IP" },
              ", ",
              "AZ: ",
              { "Ref": "Subnet10AZ" }
            ]
          ]
        }
      },
      "Subnet11": {
        "Condition": "Create11Subnets",
        "Value": {
          "Fn::Join": [
            "",
            [
              "Subnet_11: ",
              { "Ref": "Subnet11Name" },
              ", ",
              { "Ref": "Subnet11" },
              ", ",
              "CIDR: ",
              { "Ref": "Subnet11IP" },
              ", ",
              "AZ: ",
              { "Ref": "Subnet11AZ" }
            ]
          ]
        }
      },
      "VPN": {
        "Condition": "CreateVPNResources",
        "Value": {
          "Fn::Join": [
            "",
            [
              "VPC VPN Gateway ID: ",
              { "Ref": "VPNGateway" },
              ", ",
              "Customer's VPN Public IP: ",
              { "Ref": "VPNAddress" },
              ", ",
              "BGP ASN: ",
              { "Ref": "VPNBGPAsn" }
            ]
          ]
        }
      }
    }
  }